label,precision,recall,f1,support
not_occupied,1.000000,1.000000,1.000000,1199
occupied,1.000000,1.000000,1.000000,393
